"Program","Year","Period","Week Ending","Geo Level","State","State ANSI","Ag District","Ag District Code","County","County ANSI","Zip Code","Region","watershed_code","Watershed","Commodity","Data Item","Domain","Domain Category","Value","CV (%)"
"SURVEY","2016","YEAR","","COUNTY","ALABAMA","01","BLACK BELT","40","AUTAUGA","001","","","00000000","","COTTON","COTTON, UPLAND - ACRES PLANTED","TOTAL","NOT SPECIFIED","7,200",""
"SURVEY","2016","YEAR","","COUNTY","ALABAMA","01","BLACK BELT","40","DALLAS","047","","","00000000","","COTTON","COTTON, UPLAND - ACRES PLANTED","TOTAL","NOT SPECIFIED","13,800",""
"SURVEY","2016","YEAR","","COUNTY","ALABAMA","01","BLACK BELT","40","ELMORE","051","","","00000000","","COTTON","COTTON, UPLAND - ACRES PLANTED","TOTAL","NOT SPECIFIED","10,200",""
"SURVEY","2016","YEAR","","COUNTY","ALABAMA","01","BLACK BELT","40","MONTGOMERY","101","","","00000000","","COTTON","COTTON, UPLAND - ACRES PLANTED","TOTAL","NOT SPECIFIED","3,600",""
"SURVEY","2016","YEAR","","COUNTY","ALABAMA","01","BLACK BELT","40","OTHER (COMBINED) COUNTIES","","","","00000000","","COTTON","COTTON, UPLAND - ACRES PLANTED","TOTAL","NOT SPECIFIED","12,700",""
"SURVEY","2016","YEAR","","COUNTY","ALABAMA","01","COASTAL PLAINS & GULF COAST","50","BALDWIN","003","","","00000000","","COTTON","COTTON, UPLAND - ACRES PLANTED","TOTAL","NOT SPECIFIED","12,900",""
"SURVEY","2016","YEAR","","COUNTY","ALABAMA","01","COASTAL PLAINS & GULF COAST","50","CONECUH","035","","","00000000","","COTTON","COTTON, UPLAND - ACRES PLANTED","TOTAL","NOT SPECIFIED","6,800",""
"SURVEY","2016","YEAR","","COUNTY","ALABAMA","01","COASTAL PLAINS & GULF COAST","50","ESCAMBIA","053","","","00000000","","COTTON","COTTON, UPLAND - ACRES PLANTED","TOTAL","NOT SPECIFIED","22,600",""
"SURVEY","2016","YEAR","","COUNTY","ALABAMA","01","COASTAL PLAINS & GULF COAST","50","MONROE","099","","","00000000","","COTTON","COTTON, UPLAND - ACRES PLANTED","TOTAL","NOT SPECIFIED","18,700",""
"SURVEY","2016","YEAR","","COUNTY","ALABAMA","01","COASTAL PLAINS & GULF COAST","50","OTHER (COMBINED) COUNTIES","","","","00000000","","COTTON","COTTON, UPLAND - ACRES PLANTED","TOTAL","NOT SPECIFIED","10,300",""
"SURVEY","2016","YEAR","","COUNTY","ALABAMA","01","MOUNTAINS & EASTERN VALLEY","20","CALHOUN","015","","","00000000","","COTTON","COTTON, UPLAND - ACRES PLANTED","TOTAL","NOT SPECIFIED","3,300",""
"SURVEY","2016","YEAR","","COUNTY","ALABAMA","01","MOUNTAINS & EASTERN VALLEY","20","CHEROKEE","019","","","00000000","","COTTON","COTTON, UPLAND - ACRES PLANTED","TOTAL","NOT SPECIFIED","17,200",""
"SURVEY","2016","YEAR","","COUNTY","ALABAMA","01","MOUNTAINS & EASTERN VALLEY","20","ETOWAH","055","","","00000000","","COTTON","COTTON, UPLAND - ACRES PLANTED","TOTAL","NOT SPECIFIED","4,400",""
"SURVEY","2016","YEAR","","COUNTY","ALABAMA","01","MOUNTAINS & EASTERN VALLEY","20","OTHER (COMBINED) COUNTIES","","","","00000000","","COTTON","COTTON, UPLAND - ACRES PLANTED","TOTAL","NOT SPECIFIED","5,300",""
"SURVEY","2016","YEAR","","COUNTY","ALABAMA","01","NORTHERN VALLEY","10","LAUDERDALE","077","","","00000000","","COTTON","COTTON, UPLAND - ACRES PLANTED","TOTAL","NOT SPECIFIED","12,100",""
"SURVEY","2016","YEAR","","COUNTY","ALABAMA","01","NORTHERN VALLEY","10","LAWRENCE","079","","","00000000","","COTTON","COTTON, UPLAND - ACRES PLANTED","TOTAL","NOT SPECIFIED","7,500",""
"SURVEY","2016","YEAR","","COUNTY","ALABAMA","01","NORTHERN VALLEY","10","LIMESTONE","083","","","00000000","","COTTON","COTTON, UPLAND - ACRES PLANTED","TOTAL","NOT SPECIFIED","10,900",""
"SURVEY","2016","YEAR","","COUNTY","ALABAMA","01","NORTHERN VALLEY","10","MADISON","089","","","00000000","","COTTON","COTTON, UPLAND - ACRES PLANTED","TOTAL","NOT SPECIFIED","18,200",""
"SURVEY","2016","YEAR","","COUNTY","ALABAMA","01","NORTHERN VALLEY","10","OTHER (COMBINED) COUNTIES","","","","00000000","","COTTON","COTTON, UPLAND - ACRES PLANTED","TOTAL","NOT SPECIFIED","7,800",""
"SURVEY","2016","YEAR","","COUNTY","ALABAMA","01","UPPER PLAINS & PIEDMONT","30","FAYETTE","057","","","00000000","","COTTON","COTTON, UPLAND - ACRES PLANTED","TOTAL","NOT SPECIFIED","2,700",""
"SURVEY","2016","YEAR","","COUNTY","ALABAMA","01","UPPER PLAINS & PIEDMONT","30","OTHER (COMBINED) COUNTIES","","","","00000000","","COTTON","COTTON, UPLAND - ACRES PLANTED","TOTAL","NOT SPECIFIED","6,600",""
"SURVEY","2016","YEAR","","COUNTY","ALABAMA","01","UPPER PLAINS & PIEDMONT","30","SHELBY","117","","","00000000","","COTTON","COTTON, UPLAND - ACRES PLANTED","TOTAL","NOT SPECIFIED","4,700",""
"SURVEY","2016","YEAR","","COUNTY","ALABAMA","01","UPPER PLAINS & PIEDMONT","30","TALLADEGA","121","","","00000000","","COTTON","COTTON, UPLAND - ACRES PLANTED","TOTAL","NOT SPECIFIED","5,400",""
"SURVEY","2016","YEAR","","COUNTY","ALABAMA","01","UPPER PLAINS & PIEDMONT","30","TUSCALOOSA","125","","","00000000","","COTTON","COTTON, UPLAND - ACRES PLANTED","TOTAL","NOT SPECIFIED","2,100",""
"SURVEY","2016","YEAR","","COUNTY","ALABAMA","01","WIREGRASS","60","BARBOUR","005","","","00000000","","COTTON","COTTON, UPLAND - ACRES PLANTED","TOTAL","NOT SPECIFIED","6,900",""
"SURVEY","2016","YEAR","","COUNTY","ALABAMA","01","WIREGRASS","60","COFFEE","031","","","00000000","","COTTON","COTTON, UPLAND - ACRES PLANTED","TOTAL","NOT SPECIFIED","13,200",""
"SURVEY","2016","YEAR","","COUNTY","ALABAMA","01","WIREGRASS","60","COVINGTON","039","","","00000000","","COTTON","COTTON, UPLAND - ACRES PLANTED","TOTAL","NOT SPECIFIED","18,200",""
"SURVEY","2016","YEAR","","COUNTY","ALABAMA","01","WIREGRASS","60","DALE","045","","","00000000","","COTTON","COTTON, UPLAND - ACRES PLANTED","TOTAL","NOT SPECIFIED","10,300",""
"SURVEY","2016","YEAR","","COUNTY","ALABAMA","01","WIREGRASS","60","GENEVA","061","","","00000000","","COTTON","COTTON, UPLAND - ACRES PLANTED","TOTAL","NOT SPECIFIED","21,000",""
"SURVEY","2016","YEAR","","COUNTY","ALABAMA","01","WIREGRASS","60","HENRY","067","","","00000000","","COTTON","COTTON, UPLAND - ACRES PLANTED","TOTAL","NOT SPECIFIED","17,100",""
"SURVEY","2016","YEAR","","COUNTY","ALABAMA","01","WIREGRASS","60","HOUSTON","069","","","00000000","","COTTON","COTTON, UPLAND - ACRES PLANTED","TOTAL","NOT SPECIFIED","20,800",""
"SURVEY","2016","YEAR","","COUNTY","ALABAMA","01","WIREGRASS","60","OTHER (COMBINED) COUNTIES","","","","00000000","","COTTON","COTTON, UPLAND - ACRES PLANTED","TOTAL","NOT SPECIFIED","10,500",""
"SURVEY","2016","YEAR","","COUNTY","ARIZONA","04","NORTHERN","10","OTHER (COMBINED) COUNTIES","","","","00000000","","COTTON","COTTON, UPLAND - ACRES PLANTED","TOTAL","NOT SPECIFIED","3,500",""
"SURVEY","2016","YEAR","","COUNTY","ARIZONA","04","SOUTHERN","80","GRAHAM","009","","","00000000","","COTTON","COTTON, UPLAND - ACRES PLANTED","TOTAL","NOT SPECIFIED","10,000",""
"SURVEY","2016","YEAR","","COUNTY","ARIZONA","04","SOUTHERN","80","LAPAZ","012","","","00000000","","COTTON","COTTON, UPLAND - ACRES PLANTED","TOTAL","NOT SPECIFIED","7,600",""
"SURVEY","2016","YEAR","","COUNTY","ARIZONA","04","SOUTHERN","80","MARICOPA","013","","","00000000","","COTTON","COTTON, UPLAND - ACRES PLANTED","TOTAL","NOT SPECIFIED","13,100",""
"SURVEY","2016","YEAR","","COUNTY","ARIZONA","04","SOUTHERN","80","OTHER (COMBINED) COUNTIES","","","","00000000","","COTTON","COTTON, UPLAND - ACRES PLANTED","TOTAL","NOT SPECIFIED","2,600",""
"SURVEY","2016","YEAR","","COUNTY","ARIZONA","04","SOUTHERN","80","PIMA","019","","","00000000","","COTTON","COTTON, UPLAND - ACRES PLANTED","TOTAL","NOT SPECIFIED","7,900",""
"SURVEY","2016","YEAR","","COUNTY","ARIZONA","04","SOUTHERN","80","PINAL","021","","","00000000","","COTTON","COTTON, UPLAND - ACRES PLANTED","TOTAL","NOT SPECIFIED","67,900",""
"SURVEY","2016","YEAR","","COUNTY","ARIZONA","04","SOUTHERN","80","YUMA","027","","","00000000","","COTTON","COTTON, UPLAND - ACRES PLANTED","TOTAL","NOT SPECIFIED","7,400",""
"SURVEY","2016","YEAR","","COUNTY","ARKANSAS","05","EAST CENTRAL","60","CRITTENDEN","035","","","00000000","","COTTON","COTTON, UPLAND - ACRES PLANTED","TOTAL","NOT SPECIFIED","13,900",""
"SURVEY","2016","YEAR","","COUNTY","ARKANSAS","05","EAST CENTRAL","60","LEE","077","","","00000000","","COTTON","COTTON, UPLAND - ACRES PLANTED","TOTAL","NOT SPECIFIED","38,900",""
"SURVEY","2016","YEAR","","COUNTY","ARKANSAS","05","EAST CENTRAL","60","OTHER (COMBINED) COUNTIES","","","","00000000","","COTTON","COTTON, UPLAND - ACRES PLANTED","TOTAL","NOT SPECIFIED","29,400",""
"SURVEY","2016","YEAR","","COUNTY","ARKANSAS","05","EAST CENTRAL","60","SAINT FRANCIS","123","","","00000000","","COTTON","COTTON, UPLAND - ACRES PLANTED","TOTAL","NOT SPECIFIED","17,200",""
"SURVEY","2016","YEAR","","COUNTY","ARKANSAS","05","NORTHEAST","30","CLAY","021","","","00000000","","COTTON","COTTON, UPLAND - ACRES PLANTED","TOTAL","NOT SPECIFIED","30,800",""
"SURVEY","2016","YEAR","","COUNTY","ARKANSAS","05","NORTHEAST","30","CRAIGHEAD","031","","","00000000","","COTTON","COTTON, UPLAND - ACRES PLANTED","TOTAL","NOT SPECIFIED","66,500",""
"SURVEY","2016","YEAR","","COUNTY","ARKANSAS","05","NORTHEAST","30","MISSISSIPPI","093","","","00000000","","COTTON","COTTON, UPLAND - ACRES PLANTED","TOTAL","NOT SPECIFIED","85,200",""
"SURVEY","2016","YEAR","","COUNTY","ARKANSAS","05","NORTHEAST","30","OTHER (COMBINED) COUNTIES","","","","00000000","","COTTON","COTTON, UPLAND - ACRES PLANTED","TOTAL","NOT SPECIFIED","4,400",""
"SURVEY","2016","YEAR","","COUNTY","ARKANSAS","05","NORTHEAST","30","POINSETT","111","","","00000000","","COTTON","COTTON, UPLAND - ACRES PLANTED","TOTAL","NOT SPECIFIED","20,400",""
"SURVEY","2016","YEAR","","COUNTY","ARKANSAS","05","SOUTHEAST","90","ASHLEY","003","","","00000000","","COTTON","COTTON, UPLAND - ACRES PLANTED","TOTAL","NOT SPECIFIED","18,900",""
"SURVEY","2016","YEAR","","COUNTY","ARKANSAS","05","SOUTHEAST","90","CHICOT","017","","","00000000","","COTTON","COTTON, UPLAND - ACRES PLANTED","TOTAL","NOT SPECIFIED","15,200",""
"SURVEY","2016","YEAR","","COUNTY","ARKANSAS","05","SOUTHEAST","90","DESHA","041","","","00000000","","COTTON","COTTON, UPLAND - ACRES PLANTED","TOTAL","NOT SPECIFIED","16,000",""
"SURVEY","2016","YEAR","","COUNTY","ARKANSAS","05","SOUTHEAST","90","DREW","043","","","00000000","","COTTON","COTTON, UPLAND - ACRES PLANTED","TOTAL","NOT SPECIFIED","5,900",""
"SURVEY","2016","YEAR","","COUNTY","ARKANSAS","05","SOUTHEAST","90","JEFFERSON","069","","","00000000","","COTTON","COTTON, UPLAND - ACRES PLANTED","TOTAL","NOT SPECIFIED","4,300",""
"SURVEY","2016","YEAR","","COUNTY","ARKANSAS","05","SOUTHEAST","90","LINCOLN","079","","","00000000","","COTTON","COTTON, UPLAND - ACRES PLANTED","TOTAL","NOT SPECIFIED","12,200",""
"SURVEY","2016","YEAR","","COUNTY","CALIFORNIA","06","SACRAMENTO VALLEY","50","OTHER (COMBINED) COUNTIES","","","","00000000","","COTTON","COTTON, UPLAND - ACRES PLANTED","TOTAL","NOT SPECIFIED","3,500",""
"SURVEY","2016","YEAR","","COUNTY","CALIFORNIA","06","SAN JOAQUIN VALLEY","51","FRESNO","019","","","00000000","","COTTON","COTTON, UPLAND - ACRES PLANTED","TOTAL","NOT SPECIFIED","5,500",""
"SURVEY","2016","YEAR","","COUNTY","CALIFORNIA","06","SAN JOAQUIN VALLEY","51","KINGS","031","","","00000000","","COTTON","COTTON, UPLAND - ACRES PLANTED","TOTAL","NOT SPECIFIED","8,600",""
"SURVEY","2016","YEAR","","COUNTY","CALIFORNIA","06","SAN JOAQUIN VALLEY","51","MERCED","047","","","00000000","","COTTON","COTTON, UPLAND - ACRES PLANTED","TOTAL","NOT SPECIFIED","25,100",""
"SURVEY","2016","YEAR","","COUNTY","CALIFORNIA","06","SAN JOAQUIN VALLEY","51","OTHER (COMBINED) COUNTIES","","","","00000000","","COTTON","COTTON, UPLAND - ACRES PLANTED","TOTAL","NOT SPECIFIED","4,600",""
"SURVEY","2016","YEAR","","COUNTY","CALIFORNIA","06","SAN JOAQUIN VALLEY","51","TULARE","107","","","00000000","","COTTON","COTTON, UPLAND - ACRES PLANTED","TOTAL","NOT SPECIFIED","10,300",""
"SURVEY","2016","YEAR","","COUNTY","CALIFORNIA","06","SOUTHERN CALIFORNIA","80","OTHER (COMBINED) COUNTIES","","","","00000000","","COTTON","COTTON, UPLAND - ACRES PLANTED","TOTAL","NOT SPECIFIED","5,400",""
"SURVEY","2016","YEAR","","COUNTY","FLORIDA","12","NORTHWEST","10","CALHOUN","013","","","00000000","","COTTON","COTTON, UPLAND - ACRES PLANTED","TOTAL","NOT SPECIFIED","8,600",""
"SURVEY","2016","YEAR","","COUNTY","FLORIDA","12","NORTHWEST","10","ESCAMBIA","033","","","00000000","","COTTON","COTTON, UPLAND - ACRES PLANTED","TOTAL","NOT SPECIFIED","12,300",""
"SURVEY","2016","YEAR","","COUNTY","FLORIDA","12","NORTHWEST","10","HOLMES","059","","","00000000","","COTTON","COTTON, UPLAND - ACRES PLANTED","TOTAL","NOT SPECIFIED","3,700",""
"SURVEY","2016","YEAR","","COUNTY","FLORIDA","12","NORTHWEST","10","JACKSON","063","","","00000000","","COTTON","COTTON, UPLAND - ACRES PLANTED","TOTAL","NOT SPECIFIED","34,400",""
"SURVEY","2016","YEAR","","COUNTY","FLORIDA","12","NORTHWEST","10","OTHER (COMBINED) COUNTIES","","","","00000000","","COTTON","COTTON, UPLAND - ACRES PLANTED","TOTAL","NOT SPECIFIED","9,200",""
"SURVEY","2016","YEAR","","COUNTY","FLORIDA","12","NORTHWEST","10","SANTA ROSA","113","","","00000000","","COTTON","COTTON, UPLAND - ACRES PLANTED","TOTAL","NOT SPECIFIED","22,700",""
"SURVEY","2016","YEAR","","COUNTY","FLORIDA","12","NORTHWEST","10","WASHINGTON","133","","","00000000","","COTTON","COTTON, UPLAND - ACRES PLANTED","TOTAL","NOT SPECIFIED","4,300",""
"SURVEY","2016","YEAR","","COUNTY","GEORGIA","13","CENTRAL","50","BLECKLEY","023","","","00000000","","COTTON","COTTON, UPLAND - ACRES PLANTED","TOTAL","NOT SPECIFIED","14,300",""
"SURVEY","2016","YEAR","","COUNTY","GEORGIA","13","CENTRAL","50","DODGE","091","","","00000000","","COTTON","COTTON, UPLAND - ACRES PLANTED","TOTAL","NOT SPECIFIED","16,400",""
"SURVEY","2016","YEAR","","COUNTY","GEORGIA","13","CENTRAL","50","HOUSTON","153","","","00000000","","COTTON","COTTON, UPLAND - ACRES PLANTED","TOTAL","NOT SPECIFIED","9,500",""
"SURVEY","2016","YEAR","","COUNTY","GEORGIA","13","CENTRAL","50","JOHNSON","167","","","00000000","","COTTON","COTTON, UPLAND - ACRES PLANTED","TOTAL","NOT SPECIFIED","2,300",""
"SURVEY","2016","YEAR","","COUNTY","GEORGIA","13","CENTRAL","50","LAURENS","175","","","00000000","","COTTON","COTTON, UPLAND - ACRES PLANTED","TOTAL","NOT SPECIFIED","6,300",""
"SURVEY","2016","YEAR","","COUNTY","GEORGIA","13","CENTRAL","50","OTHER (COMBINED) COUNTIES","","","","00000000","","COTTON","COTTON, UPLAND - ACRES PLANTED","TOTAL","NOT SPECIFIED","16,300",""
"SURVEY","2016","YEAR","","COUNTY","GEORGIA","13","CENTRAL","50","PEACH","225","","","00000000","","COTTON","COTTON, UPLAND - ACRES PLANTED","TOTAL","NOT SPECIFIED","2,200",""
"SURVEY","2016","YEAR","","COUNTY","GEORGIA","13","CENTRAL","50","PULASKI","235","","","00000000","","COTTON","COTTON, UPLAND - ACRES PLANTED","TOTAL","NOT SPECIFIED","15,500",""
"SURVEY","2016","YEAR","","COUNTY","GEORGIA","13","CENTRAL","50","WASHINGTON","303","","","00000000","","COTTON","COTTON, UPLAND - ACRES PLANTED","TOTAL","NOT SPECIFIED","3,700",""
"SURVEY","2016","YEAR","","COUNTY","GEORGIA","13","EAST CENTRAL","60","BULLOCH","031","","","00000000","","COTTON","COTTON, UPLAND - ACRES PLANTED","TOTAL","NOT SPECIFIED","41,800",""
"SURVEY","2016","YEAR","","COUNTY","GEORGIA","13","EAST CENTRAL","60","BURKE","033","","","00000000","","COTTON","COTTON, UPLAND - ACRES PLANTED","TOTAL","NOT SPECIFIED","28,600",""
"SURVEY","2016","YEAR","","COUNTY","GEORGIA","13","EAST CENTRAL","60","CANDLER","043","","","00000000","","COTTON","COTTON, UPLAND - ACRES PLANTED","TOTAL","NOT SPECIFIED","9,400",""
"SURVEY","2016","YEAR","","COUNTY","GEORGIA","13","EAST CENTRAL","60","EMANUEL","107","","","00000000","","COTTON","COTTON, UPLAND - ACRES PLANTED","TOTAL","NOT SPECIFIED","17,200",""
"SURVEY","2016","YEAR","","COUNTY","GEORGIA","13","EAST CENTRAL","60","JEFFERSON","163","","","00000000","","COTTON","COTTON, UPLAND - ACRES PLANTED","TOTAL","NOT SPECIFIED","13,700",""
"SURVEY","2016","YEAR","","COUNTY","GEORGIA","13","EAST CENTRAL","60","JENKINS","165","","","00000000","","COTTON","COTTON, UPLAND - ACRES PLANTED","TOTAL","NOT SPECIFIED","17,000",""
"SURVEY","2016","YEAR","","COUNTY","GEORGIA","13","EAST CENTRAL","60","OTHER (COMBINED) COUNTIES","","","","00000000","","COTTON","COTTON, UPLAND - ACRES PLANTED","TOTAL","NOT SPECIFIED","9,800",""
"SURVEY","2016","YEAR","","COUNTY","GEORGIA","13","EAST CENTRAL","60","SCREVEN","251","","","00000000","","COTTON","COTTON, UPLAND - ACRES PLANTED","TOTAL","NOT SPECIFIED","22,000",""
"SURVEY","2016","YEAR","","COUNTY","GEORGIA","13","SOUTH CENTRAL","80","ATKINSON","003","","","00000000","","COTTON","COTTON, UPLAND - ACRES PLANTED","TOTAL","NOT SPECIFIED","15,000",""
"SURVEY","2016","YEAR","","COUNTY","GEORGIA","13","SOUTH CENTRAL","80","BEN HILL","017","","","00000000","","COTTON","COTTON, UPLAND - ACRES PLANTED","TOTAL","NOT SPECIFIED","11,400",""
"SURVEY","2016","YEAR","","COUNTY","GEORGIA","13","SOUTH CENTRAL","80","BERRIEN","019","","","00000000","","COTTON","COTTON, UPLAND - ACRES PLANTED","TOTAL","NOT SPECIFIED","25,600",""
"SURVEY","2016","YEAR","","COUNTY","GEORGIA","13","SOUTH CENTRAL","80","BROOKS","027","","","00000000","","COTTON","COTTON, UPLAND - ACRES PLANTED","TOTAL","NOT SPECIFIED","31,600",""
"SURVEY","2016","YEAR","","COUNTY","GEORGIA","13","SOUTH CENTRAL","80","COFFEE","069","","","00000000","","COTTON","COTTON, UPLAND - ACRES PLANTED","TOTAL","NOT SPECIFIED","34,600",""
"SURVEY","2016","YEAR","","COUNTY","GEORGIA","13","SOUTH CENTRAL","80","COLQUITT","071","","","00000000","","COTTON","COTTON, UPLAND - ACRES PLANTED","TOTAL","NOT SPECIFIED","46,600",""
"SURVEY","2016","YEAR","","COUNTY","GEORGIA","13","SOUTH CENTRAL","80","COOK","075","","","00000000","","COTTON","COTTON, UPLAND - ACRES PLANTED","TOTAL","NOT SPECIFIED","18,400",""
"SURVEY","2016","YEAR","","COUNTY","GEORGIA","13","SOUTH CENTRAL","80","CRISP","081","","","00000000","","COTTON","COTTON, UPLAND - ACRES PLANTED","TOTAL","NOT SPECIFIED","32,000",""
"SURVEY","2016","YEAR","","COUNTY","GEORGIA","13","SOUTH CENTRAL","80","DOOLY","093","","","00000000","","COTTON","COTTON, UPLAND - ACRES PLANTED","TOTAL","NOT SPECIFIED","67,400",""
"SURVEY","2016","YEAR","","COUNTY","GEORGIA","13","SOUTH CENTRAL","80","IRWIN","155","","","00000000","","COTTON","COTTON, UPLAND - ACRES PLANTED","TOTAL","NOT SPECIFIED","31,400",""
"SURVEY","2016","YEAR","","COUNTY","GEORGIA","13","SOUTH CENTRAL","80","JEFF DAVIS","161","","","00000000","","COTTON","COTTON, UPLAND - ACRES PLANTED","TOTAL","NOT SPECIFIED","16,000",""
"SURVEY","2016","YEAR","","COUNTY","GEORGIA","13","SOUTH CENTRAL","80","LANIER","173","","","00000000","","COTTON","COTTON, UPLAND - ACRES PLANTED","TOTAL","NOT SPECIFIED","7,800",""
"SURVEY","2016","YEAR","","COUNTY","GEORGIA","13","SOUTH CENTRAL","80","OTHER (COMBINED) COUNTIES","","","","00000000","","COTTON","COTTON, UPLAND - ACRES PLANTED","TOTAL","NOT SPECIFIED","9,200",""
"SURVEY","2016","YEAR","","COUNTY","GEORGIA","13","SOUTH CENTRAL","80","TELFAIR","271","","","00000000","","COTTON","COTTON, UPLAND - ACRES PLANTED","TOTAL","NOT SPECIFIED","8,900",""
"SURVEY","2016","YEAR","","COUNTY","GEORGIA","13","SOUTH CENTRAL","80","TIFT","277","","","00000000","","COTTON","COTTON, UPLAND - ACRES PLANTED","TOTAL","NOT SPECIFIED","22,700",""
"SURVEY","2016","YEAR","","COUNTY","GEORGIA","13","SOUTH CENTRAL","80","TURNER","287","","","00000000","","COTTON","COTTON, UPLAND - ACRES PLANTED","TOTAL","NOT SPECIFIED","26,500",""
"SURVEY","2016","YEAR","","COUNTY","GEORGIA","13","SOUTH CENTRAL","80","WILCOX","315","","","00000000","","COTTON","COTTON, UPLAND - ACRES PLANTED","TOTAL","NOT SPECIFIED","26,000",""
"SURVEY","2016","YEAR","","COUNTY","GEORGIA","13","SOUTH CENTRAL","80","WORTH","321","","","00000000","","COTTON","COTTON, UPLAND - ACRES PLANTED","TOTAL","NOT SPECIFIED","55,900",""
"SURVEY","2016","YEAR","","COUNTY","GEORGIA","13","SOUTHEAST","90","APPLING","001","","","00000000","","COTTON","COTTON, UPLAND - ACRES PLANTED","TOTAL","NOT SPECIFIED","28,700",""
"SURVEY","2016","YEAR","","COUNTY","GEORGIA","13","SOUTHEAST","90","BACON","005","","","00000000","","COTTON","COTTON, UPLAND - ACRES PLANTED","TOTAL","NOT SPECIFIED","14,800",""
"SURVEY","2016","YEAR","","COUNTY","GEORGIA","13","SOUTHEAST","90","OTHER (COMBINED) COUNTIES","","","","00000000","","COTTON","COTTON, UPLAND - ACRES PLANTED","TOTAL","NOT SPECIFIED","17,400",""
"SURVEY","2016","YEAR","","COUNTY","GEORGIA","13","SOUTHEAST","90","PIERCE","229","","","00000000","","COTTON","COTTON, UPLAND - ACRES PLANTED","TOTAL","NOT SPECIFIED","14,400",""
"SURVEY","2016","YEAR","","COUNTY","GEORGIA","13","SOUTHEAST","90","TATTNALL","267","","","00000000","","COTTON","COTTON, UPLAND - ACRES PLANTED","TOTAL","NOT SPECIFIED","9,100",""
"SURVEY","2016","YEAR","","COUNTY","GEORGIA","13","SOUTHEAST","90","TOOMBS","279","","","00000000","","COTTON","COTTON, UPLAND - ACRES PLANTED","TOTAL","NOT SPECIFIED","6,600",""
"SURVEY","2016","YEAR","","COUNTY","GEORGIA","13","SOUTHEAST","90","WARE","299","","","00000000","","COTTON","COTTON, UPLAND - ACRES PLANTED","TOTAL","NOT SPECIFIED","5,000",""
"SURVEY","2016","YEAR","","COUNTY","GEORGIA","13","SOUTHWEST","70","BAKER","007","","","00000000","","COTTON","COTTON, UPLAND - ACRES PLANTED","TOTAL","NOT SPECIFIED","10,800",""
"SURVEY","2016","YEAR","","COUNTY","GEORGIA","13","SOUTHWEST","70","CALHOUN","037","","","00000000","","COTTON","COTTON, UPLAND - ACRES PLANTED","TOTAL","NOT SPECIFIED","16,200",""
"SURVEY","2016","YEAR","","COUNTY","GEORGIA","13","SOUTHWEST","70","CLAY","061","","","00000000","","COTTON","COTTON, UPLAND - ACRES PLANTED","TOTAL","NOT SPECIFIED","6,200",""
"SURVEY","2016","YEAR","","COUNTY","GEORGIA","13","SOUTHWEST","70","DECATUR","087","","","00000000","","COTTON","COTTON, UPLAND - ACRES PLANTED","TOTAL","NOT SPECIFIED","29,700",""
"SURVEY","2016","YEAR","","COUNTY","GEORGIA","13","SOUTHWEST","70","EARLY","099","","","00000000","","COTTON","COTTON, UPLAND - ACRES PLANTED","TOTAL","NOT SPECIFIED","30,700",""
"SURVEY","2016","YEAR","","COUNTY","GEORGIA","13","SOUTHWEST","70","GRADY","131","","","00000000","","COTTON","COTTON, UPLAND - ACRES PLANTED","TOTAL","NOT SPECIFIED","23,500",""
"SURVEY","2016","YEAR","","COUNTY","GEORGIA","13","SOUTHWEST","70","MILLER","201","","","00000000","","COTTON","COTTON, UPLAND - ACRES PLANTED","TOTAL","NOT SPECIFIED","23,200",""
"SURVEY","2016","YEAR","","COUNTY","GEORGIA","13","SOUTHWEST","70","MITCHELL","205","","","00000000","","COTTON","COTTON, UPLAND - ACRES PLANTED","TOTAL","NOT SPECIFIED","53,400",""
"SURVEY","2016","YEAR","","COUNTY","GEORGIA","13","SOUTHWEST","70","OTHER (COMBINED) COUNTIES","","","","00000000","","COTTON","COTTON, UPLAND - ACRES PLANTED","TOTAL","NOT SPECIFIED","27,900",""
"SURVEY","2016","YEAR","","COUNTY","GEORGIA","13","SOUTHWEST","70","RANDOLPH","243","","","00000000","","COTTON","COTTON, UPLAND - ACRES PLANTED","TOTAL","NOT SPECIFIED","10,800",""
"SURVEY","2016","YEAR","","COUNTY","GEORGIA","13","SOUTHWEST","70","SEMINOLE","253","","","00000000","","COTTON","COTTON, UPLAND - ACRES PLANTED","TOTAL","NOT SPECIFIED","23,400",""
"SURVEY","2016","YEAR","","COUNTY","GEORGIA","13","SOUTHWEST","70","SUMTER","261","","","00000000","","COTTON","COTTON, UPLAND - ACRES PLANTED","TOTAL","NOT SPECIFIED","20,000",""
"SURVEY","2016","YEAR","","COUNTY","GEORGIA","13","SOUTHWEST","70","TERRELL","273","","","00000000","","COTTON","COTTON, UPLAND - ACRES PLANTED","TOTAL","NOT SPECIFIED","19,500",""
"SURVEY","2016","YEAR","","COUNTY","GEORGIA","13","SOUTHWEST","70","THOMAS","275","","","00000000","","COTTON","COTTON, UPLAND - ACRES PLANTED","TOTAL","NOT SPECIFIED","29,700",""
"SURVEY","2016","YEAR","","COUNTY","GEORGIA","13","WEST CENTRAL","40","MACON","193","","","00000000","","COTTON","COTTON, UPLAND - ACRES PLANTED","TOTAL","NOT SPECIFIED","14,100",""
"SURVEY","2016","YEAR","","COUNTY","GEORGIA","13","WEST CENTRAL","40","OTHER (COMBINED) COUNTIES","","","","00000000","","COTTON","COTTON, UPLAND - ACRES PLANTED","TOTAL","NOT SPECIFIED","4,200",""
"SURVEY","2016","YEAR","","COUNTY","KANSAS","20","SOUTH CENTRAL","60","OTHER (COMBINED) COUNTIES","","","","00000000","","COTTON","COTTON, UPLAND - ACRES PLANTED","TOTAL","NOT SPECIFIED","13,400",""
"SURVEY","2016","YEAR","","COUNTY","KANSAS","20","SOUTH CENTRAL","60","SUMNER","191","","","00000000","","COTTON","COTTON, UPLAND - ACRES PLANTED","TOTAL","NOT SPECIFIED","6,300",""
"SURVEY","2016","YEAR","","COUNTY","LOUISIANA","22","CENTRAL","50","AVOYELLES","009","","","00000000","","COTTON","COTTON, UPLAND - ACRES PLANTED","TOTAL","NOT SPECIFIED","4,100",""
"SURVEY","2016","YEAR","","COUNTY","LOUISIANA","22","CENTRAL","50","CATAHOULA","025","","","00000000","","COTTON","COTTON, UPLAND - ACRES PLANTED","TOTAL","NOT SPECIFIED","19,000",""
"SURVEY","2016","YEAR","","COUNTY","LOUISIANA","22","CENTRAL","50","CONCORDIA","029","","","00000000","","COTTON","COTTON, UPLAND - ACRES PLANTED","TOTAL","NOT SPECIFIED","12,800",""
"SURVEY","2016","YEAR","","COUNTY","LOUISIANA","22","CENTRAL","50","OTHER (COMBINED) COUNTIES","","","","00000000","","COTTON","COTTON, UPLAND - ACRES PLANTED","TOTAL","NOT SPECIFIED","2,300",""
"SURVEY","2016","YEAR","","COUNTY","LOUISIANA","22","CENTRAL","50","POINTE COUPEE","077","","","00000000","","COTTON","COTTON, UPLAND - ACRES PLANTED","TOTAL","NOT SPECIFIED","2,400",""
"SURVEY","2016","YEAR","","COUNTY","LOUISIANA","22","CENTRAL","50","RAPIDES","079","","","00000000","","COTTON","COTTON, UPLAND - ACRES PLANTED","TOTAL","NOT SPECIFIED","8,800",""
"SURVEY","2016","YEAR","","COUNTY","LOUISIANA","22","NORTHEAST","30","EAST CARROLL","035","","","00000000","","COTTON","COTTON, UPLAND - ACRES PLANTED","TOTAL","NOT SPECIFIED","7,000",""
"SURVEY","2016","YEAR","","COUNTY","LOUISIANA","22","NORTHEAST","30","FRANKLIN","041","","","00000000","","COTTON","COTTON, UPLAND - ACRES PLANTED","TOTAL","NOT SPECIFIED","8,800",""
"SURVEY","2016","YEAR","","COUNTY","LOUISIANA","22","NORTHEAST","30","MADISON","065","","","00000000","","COTTON","COTTON, UPLAND - ACRES PLANTED","TOTAL","NOT SPECIFIED","11,000",""
"SURVEY","2016","YEAR","","COUNTY","LOUISIANA","22","NORTHEAST","30","OTHER (COMBINED) COUNTIES","","","","00000000","","COTTON","COTTON, UPLAND - ACRES PLANTED","TOTAL","NOT SPECIFIED","4,000",""
"SURVEY","2016","YEAR","","COUNTY","LOUISIANA","22","NORTHEAST","30","RICHLAND","083","","","00000000","","COTTON","COTTON, UPLAND - ACRES PLANTED","TOTAL","NOT SPECIFIED","8,600",""
"SURVEY","2016","YEAR","","COUNTY","LOUISIANA","22","NORTHEAST","30","TENSAS","107","","","00000000","","COTTON","COTTON, UPLAND - ACRES PLANTED","TOTAL","NOT SPECIFIED","29,200",""
"SURVEY","2016","YEAR","","COUNTY","LOUISIANA","22","NORTHWEST","10","CADDO","017","","","00000000","","COTTON","COTTON, UPLAND - ACRES PLANTED","TOTAL","NOT SPECIFIED","12,000",""
"SURVEY","2016","YEAR","","COUNTY","LOUISIANA","22","NORTHWEST","10","OTHER (COMBINED) COUNTIES","","","","00000000","","COTTON","COTTON, UPLAND - ACRES PLANTED","TOTAL","NOT SPECIFIED","2,700",""
"SURVEY","2016","YEAR","","COUNTY","MISSISSIPPI","28","CENTRAL","50","CARROLL","015","","","00000000","","COTTON","COTTON, UPLAND - ACRES PLANTED","TOTAL","NOT SPECIFIED","6,900",""
"SURVEY","2016","YEAR","","COUNTY","MISSISSIPPI","28","CENTRAL","50","HOLMES","051","","","00000000","","COTTON","COTTON, UPLAND - ACRES PLANTED","TOTAL","NOT SPECIFIED","24,800",""
"SURVEY","2016","YEAR","","COUNTY","MISSISSIPPI","28","CENTRAL","50","MADISON","089","","","00000000","","COTTON","COTTON, UPLAND - ACRES PLANTED","TOTAL","NOT SPECIFIED","7,300",""
"SURVEY","2016","YEAR","","COUNTY","MISSISSIPPI","28","CENTRAL","50","MONTGOMERY","097","","","00000000","","COTTON","COTTON, UPLAND - ACRES PLANTED","TOTAL","NOT SPECIFIED","5,700",""
"SURVEY","2016","YEAR","","COUNTY","MISSISSIPPI","28","CENTRAL","50","OTHER (COMBINED) COUNTIES","","","","00000000","","COTTON","COTTON, UPLAND - ACRES PLANTED","TOTAL","NOT SPECIFIED","7,200",""
"SURVEY","2016","YEAR","","COUNTY","MISSISSIPPI","28","CENTRAL","50","WEBSTER","155","","","00000000","","COTTON","COTTON, UPLAND - ACRES PLANTED","TOTAL","NOT SPECIFIED","6,900",""
"SURVEY","2016","YEAR","","COUNTY","MISSISSIPPI","28","EAST CENTRAL","60","LOWNDES","087","","","00000000","","COTTON","COTTON, UPLAND - ACRES PLANTED","TOTAL","NOT SPECIFIED","9,600",""
"SURVEY","2016","YEAR","","COUNTY","MISSISSIPPI","28","EAST CENTRAL","60","MONROE","095","","","00000000","","COTTON","COTTON, UPLAND - ACRES PLANTED","TOTAL","NOT SPECIFIED","3,500",""
"SURVEY","2016","YEAR","","COUNTY","MISSISSIPPI","28","EAST CENTRAL","60","NOXUBEE","103","","","00000000","","COTTON","COTTON, UPLAND - ACRES PLANTED","TOTAL","NOT SPECIFIED","18,600",""
"SURVEY","2016","YEAR","","COUNTY","MISSISSIPPI","28","EAST CENTRAL","60","OTHER (COMBINED) COUNTIES","","","","00000000","","COTTON","COTTON, UPLAND - ACRES PLANTED","TOTAL","NOT SPECIFIED","4,500",""
"SURVEY","2016","YEAR","","COUNTY","MISSISSIPPI","28","LOWER DELTA","40","HUMPHREYS","053","","","00000000","","COTTON","COTTON, UPLAND - ACRES PLANTED","TOTAL","NOT SPECIFIED","14,500",""
"SURVEY","2016","YEAR","","COUNTY","MISSISSIPPI","28","LOWER DELTA","40","LEFLORE","083","","","00000000","","COTTON","COTTON, UPLAND - ACRES PLANTED","TOTAL","NOT SPECIFIED","30,900",""
"SURVEY","2016","YEAR","","COUNTY","MISSISSIPPI","28","LOWER DELTA","40","OTHER (COMBINED) COUNTIES","","","","00000000","","COTTON","COTTON, UPLAND - ACRES PLANTED","TOTAL","NOT SPECIFIED","12,600",""
"SURVEY","2016","YEAR","","COUNTY","MISSISSIPPI","28","LOWER DELTA","40","SUNFLOWER","133","","","00000000","","COTTON","COTTON, UPLAND - ACRES PLANTED","TOTAL","NOT SPECIFIED","13,500",""
"SURVEY","2016","YEAR","","COUNTY","MISSISSIPPI","28","LOWER DELTA","40","WASHINGTON","151","","","00000000","","COTTON","COTTON, UPLAND - ACRES PLANTED","TOTAL","NOT SPECIFIED","23,200",""
"SURVEY","2016","YEAR","","COUNTY","MISSISSIPPI","28","LOWER DELTA","40","YAZOO","163","","","00000000","","COTTON","COTTON, UPLAND - ACRES PLANTED","TOTAL","NOT SPECIFIED","19,500",""
"SURVEY","2016","YEAR","","COUNTY","MISSISSIPPI","28","NORTH CENTRAL","20","CALHOUN","013","","","00000000","","COTTON","COTTON, UPLAND - ACRES PLANTED","TOTAL","NOT SPECIFIED","5,500",""
"SURVEY","2016","YEAR","","COUNTY","MISSISSIPPI","28","NORTH CENTRAL","20","GRENADA","043","","","00000000","","COTTON","COTTON, UPLAND - ACRES PLANTED","TOTAL","NOT SPECIFIED","8,200",""
"SURVEY","2016","YEAR","","COUNTY","MISSISSIPPI","28","NORTH CENTRAL","20","OTHER (COMBINED) COUNTIES","","","","00000000","","COTTON","COTTON, UPLAND - ACRES PLANTED","TOTAL","NOT SPECIFIED","13,000",""
"SURVEY","2016","YEAR","","COUNTY","MISSISSIPPI","28","NORTH CENTRAL","20","PANOLA","107","","","00000000","","COTTON","COTTON, UPLAND - ACRES PLANTED","TOTAL","NOT SPECIFIED","20,200",""
"SURVEY","2016","YEAR","","COUNTY","MISSISSIPPI","28","NORTH CENTRAL","20","TATE","137","","","00000000","","COTTON","COTTON, UPLAND - ACRES PLANTED","TOTAL","NOT SPECIFIED","6,200",""
"SURVEY","2016","YEAR","","COUNTY","MISSISSIPPI","28","NORTHEAST","30","OTHER (COMBINED) COUNTIES","","","","00000000","","COTTON","COTTON, UPLAND - ACRES PLANTED","TOTAL","NOT SPECIFIED","12,800",""
"SURVEY","2016","YEAR","","COUNTY","MISSISSIPPI","28","NORTHEAST","30","PRENTISS","117","","","00000000","","COTTON","COTTON, UPLAND - ACRES PLANTED","TOTAL","NOT SPECIFIED","1,200",""
"SURVEY","2016","YEAR","","COUNTY","MISSISSIPPI","28","SOUTHWEST","70","HINDS","049","","","00000000","","COTTON","COTTON, UPLAND - ACRES PLANTED","TOTAL","NOT SPECIFIED","3,900",""
"SURVEY","2016","YEAR","","COUNTY","MISSISSIPPI","28","SOUTHWEST","70","OTHER (COMBINED) COUNTIES","","","","00000000","","COTTON","COTTON, UPLAND - ACRES PLANTED","TOTAL","NOT SPECIFIED","7,300",""
"SURVEY","2016","YEAR","","COUNTY","MISSISSIPPI","28","UPPER DELTA","10","BOLIVAR","011","","","00000000","","COTTON","COTTON, UPLAND - ACRES PLANTED","TOTAL","NOT SPECIFIED","6,000",""
"SURVEY","2016","YEAR","","COUNTY","MISSISSIPPI","28","UPPER DELTA","10","COAHOMA","027","","","00000000","","COTTON","COTTON, UPLAND - ACRES PLANTED","TOTAL","NOT SPECIFIED","70,200",""
"SURVEY","2016","YEAR","","COUNTY","MISSISSIPPI","28","UPPER DELTA","10","QUITMAN","119","","","00000000","","COTTON","COTTON, UPLAND - ACRES PLANTED","TOTAL","NOT SPECIFIED","22,900",""
"SURVEY","2016","YEAR","","COUNTY","MISSISSIPPI","28","UPPER DELTA","10","TALLAHATCHIE","135","","","00000000","","COTTON","COTTON, UPLAND - ACRES PLANTED","TOTAL","NOT SPECIFIED","15,800",""
"SURVEY","2016","YEAR","","COUNTY","MISSISSIPPI","28","UPPER DELTA","10","TUNICA","143","","","00000000","","COTTON","COTTON, UPLAND - ACRES PLANTED","TOTAL","NOT SPECIFIED","22,000",""
"SURVEY","2016","YEAR","","COUNTY","MISSOURI","29","SOUTHEAST","90","DUNKLIN","069","","","00000000","","COTTON","COTTON, UPLAND - ACRES PLANTED","TOTAL","NOT SPECIFIED","86,600",""
"SURVEY","2016","YEAR","","COUNTY","MISSOURI","29","SOUTHEAST","90","NEW MADRID","143","","","00000000","","COTTON","COTTON, UPLAND - ACRES PLANTED","TOTAL","NOT SPECIFIED","87,900",""
"SURVEY","2016","YEAR","","COUNTY","MISSOURI","29","SOUTHEAST","90","OTHER (COMBINED) COUNTIES","","","","00000000","","COTTON","COTTON, UPLAND - ACRES PLANTED","TOTAL","NOT SPECIFIED","7,400",""
"SURVEY","2016","YEAR","","COUNTY","MISSOURI","29","SOUTHEAST","90","PEMISCOT","155","","","00000000","","COTTON","COTTON, UPLAND - ACRES PLANTED","TOTAL","NOT SPECIFIED","36,100",""
"SURVEY","2016","YEAR","","COUNTY","MISSOURI","29","SOUTHEAST","90","STODDARD","207","","","00000000","","COTTON","COTTON, UPLAND - ACRES PLANTED","TOTAL","NOT SPECIFIED","62,000",""
"SURVEY","2016","YEAR","","COUNTY","NEW MEXICO","35","NORTHEAST","30","OTHER (COMBINED) COUNTIES","","","","00000000","","COTTON","COTTON, UPLAND - ACRES PLANTED","TOTAL","NOT SPECIFIED","12,400",""
"SURVEY","2016","YEAR","","COUNTY","NEW MEXICO","35","SOUTHEAST","90","CHAVES","005","","","00000000","","COTTON","COTTON, UPLAND - ACRES PLANTED","TOTAL","NOT SPECIFIED","1,800",""
"SURVEY","2016","YEAR","","COUNTY","NEW MEXICO","35","SOUTHEAST","90","DONA ANA","013","","","00000000","","COTTON","COTTON, UPLAND - ACRES PLANTED","TOTAL","NOT SPECIFIED","3,500",""
"SURVEY","2016","YEAR","","COUNTY","NEW MEXICO","35","SOUTHEAST","90","EDDY","015","","","00000000","","COTTON","COTTON, UPLAND - ACRES PLANTED","TOTAL","NOT SPECIFIED","5,700",""
"SURVEY","2016","YEAR","","COUNTY","NEW MEXICO","35","SOUTHEAST","90","LEA","025","","","00000000","","COTTON","COTTON, UPLAND - ACRES PLANTED","TOTAL","NOT SPECIFIED","17,400",""
"SURVEY","2016","YEAR","","COUNTY","NEW MEXICO","35","SOUTHWEST","70","OTHER (COMBINED) COUNTIES","","","","00000000","","COTTON","COTTON, UPLAND - ACRES PLANTED","TOTAL","NOT SPECIFIED","6,200",""
"SURVEY","2016","YEAR","","COUNTY","NORTH CAROLINA","37","CENTRAL COASTAL","80","BEAUFORT","013","","","00000000","","COTTON","COTTON, UPLAND - ACRES PLANTED","TOTAL","NOT SPECIFIED","8,800",""
"SURVEY","2016","YEAR","","COUNTY","NORTH CAROLINA","37","CENTRAL COASTAL","80","HYDE","095","","","00000000","","COTTON","COTTON, UPLAND - ACRES PLANTED","TOTAL","NOT SPECIFIED","6,800",""
"SURVEY","2016","YEAR","","COUNTY","NORTH CAROLINA","37","CENTRAL COASTAL","80","JOHNSTON","101","","","00000000","","COTTON","COTTON, UPLAND - ACRES PLANTED","TOTAL","NOT SPECIFIED","3,500",""
"SURVEY","2016","YEAR","","COUNTY","NORTH CAROLINA","37","CENTRAL COASTAL","80","JONES","103","","","00000000","","COTTON","COTTON, UPLAND - ACRES PLANTED","TOTAL","NOT SPECIFIED","6,400",""
"SURVEY","2016","YEAR","","COUNTY","NORTH CAROLINA","37","CENTRAL COASTAL","80","LENOIR","107","","","00000000","","COTTON","COTTON, UPLAND - ACRES PLANTED","TOTAL","NOT SPECIFIED","2,400",""
"SURVEY","2016","YEAR","","COUNTY","NORTH CAROLINA","37","CENTRAL COASTAL","80","OTHER (COMBINED) COUNTIES","","","","00000000","","COTTON","COTTON, UPLAND - ACRES PLANTED","TOTAL","NOT SPECIFIED","5,000",""
"SURVEY","2016","YEAR","","COUNTY","NORTH CAROLINA","37","CENTRAL COASTAL","80","PITT","147","","","00000000","","COTTON","COTTON, UPLAND - ACRES PLANTED","TOTAL","NOT SPECIFIED","4,900",""
"SURVEY","2016","YEAR","","COUNTY","NORTH CAROLINA","37","CENTRAL COASTAL","80","WAYNE","191","","","00000000","","COTTON","COTTON, UPLAND - ACRES PLANTED","TOTAL","NOT SPECIFIED","2,200",""
"SURVEY","2016","YEAR","","COUNTY","NORTH CAROLINA","37","CENTRAL COASTAL","80","WILSON","195","","","00000000","","COTTON","COTTON, UPLAND - ACRES PLANTED","TOTAL","NOT SPECIFIED","3,000",""
"SURVEY","2016","YEAR","","COUNTY","NORTH CAROLINA","37","NORTHERN COASTAL","70","BERTIE","015","","","00000000","","COTTON","COTTON, UPLAND - ACRES PLANTED","TOTAL","NOT SPECIFIED","15,400",""
"SURVEY","2016","YEAR","","COUNTY","NORTH CAROLINA","37","NORTHERN COASTAL","70","CHOWAN","041","","","00000000","","COTTON","COTTON, UPLAND - ACRES PLANTED","TOTAL","NOT SPECIFIED","6,500",""
"SURVEY","2016","YEAR","","COUNTY","NORTH CAROLINA","37","NORTHERN COASTAL","70","EDGECOMBE","065","","","00000000","","COTTON","COTTON, UPLAND - ACRES PLANTED","TOTAL","NOT SPECIFIED","6,500",""
"SURVEY","2016","YEAR","","COUNTY","NORTH CAROLINA","37","NORTHERN COASTAL","70","GATES","073","","","00000000","","COTTON","COTTON, UPLAND - ACRES PLANTED","TOTAL","NOT SPECIFIED","10,100",""
"SURVEY","2016","YEAR","","COUNTY","NORTH CAROLINA","37","NORTHERN COASTAL","70","HALIFAX","083","","","00000000","","COTTON","COTTON, UPLAND - ACRES PLANTED","TOTAL","NOT SPECIFIED","42,400",""
"SURVEY","2016","YEAR","","COUNTY","NORTH CAROLINA","37","NORTHERN COASTAL","70","HERTFORD","091","","","00000000","","COTTON","COTTON, UPLAND - ACRES PLANTED","TOTAL","NOT SPECIFIED","9,500",""
"SURVEY","2016","YEAR","","COUNTY","NORTH CAROLINA","37","NORTHERN COASTAL","70","MARTIN","117","","","00000000","","COTTON","COTTON, UPLAND - ACRES PLANTED","TOTAL","NOT SPECIFIED","22,600",""
"SURVEY","2016","YEAR","","COUNTY","NORTH CAROLINA","37","NORTHERN COASTAL","70","NORTHAMPTON","131","","","00000000","","COTTON","COTTON, UPLAND - ACRES PLANTED","TOTAL","NOT SPECIFIED","32,000",""
"SURVEY","2016","YEAR","","COUNTY","NORTH CAROLINA","37","NORTHERN COASTAL","70","OTHER (COMBINED) COUNTIES","","","","00000000","","COTTON","COTTON, UPLAND - ACRES PLANTED","TOTAL","NOT SPECIFIED","6,200",""
"SURVEY","2016","YEAR","","COUNTY","NORTH CAROLINA","37","NORTHERN COASTAL","70","PERQUIMANS","143","","","00000000","","COTTON","COTTON, UPLAND - ACRES PLANTED","TOTAL","NOT SPECIFIED","6,600",""
"SURVEY","2016","YEAR","","COUNTY","NORTH CAROLINA","37","NORTHERN COASTAL","70","WASHINGTON","187","","","00000000","","COTTON","COTTON, UPLAND - ACRES PLANTED","TOTAL","NOT SPECIFIED","6,700",""
"SURVEY","2016","YEAR","","COUNTY","NORTH CAROLINA","37","SOUTHERN COASTAL","90","HARNETT","085","","","00000000","","COTTON","COTTON, UPLAND - ACRES PLANTED","TOTAL","NOT SPECIFIED","6,200",""
"SURVEY","2016","YEAR","","COUNTY","NORTH CAROLINA","37","SOUTHERN COASTAL","90","OTHER (COMBINED) COUNTIES","","","","00000000","","COTTON","COTTON, UPLAND - ACRES PLANTED","TOTAL","NOT SPECIFIED","29,800",""
"SURVEY","2016","YEAR","","COUNTY","NORTH CAROLINA","37","SOUTHERN COASTAL","90","ROBESON","155","","","00000000","","COTTON","COTTON, UPLAND - ACRES PLANTED","TOTAL","NOT SPECIFIED","7,800",""
"SURVEY","2016","YEAR","","COUNTY","NORTH CAROLINA","37","SOUTHERN COASTAL","90","SAMPSON","163","","","00000000","","COTTON","COTTON, UPLAND - ACRES PLANTED","TOTAL","NOT SPECIFIED","10,800",""
"SURVEY","2016","YEAR","","COUNTY","NORTH CAROLINA","37","SOUTHERN PIEDMONT","60","OTHER (COMBINED) COUNTIES","","","","00000000","","COTTON","COTTON, UPLAND - ACRES PLANTED","TOTAL","NOT SPECIFIED","6,400",""
"SURVEY","2016","YEAR","","COUNTY","NORTH CAROLINA","37","SOUTHERN PIEDMONT","60","STANLY","167","","","00000000","","COTTON","COTTON, UPLAND - ACRES PLANTED","TOTAL","NOT SPECIFIED","9,300",""
"SURVEY","2016","YEAR","","COUNTY","OKLAHOMA","40","CENTRAL","50","OTHER (COMBINED) COUNTIES","","","","00000000","","COTTON","COTTON, UPLAND - ACRES PLANTED","TOTAL","NOT SPECIFIED","4,300",""
"SURVEY","2016","YEAR","","COUNTY","OKLAHOMA","40","SOUTHWEST","30","CADDO","015","","","00000000","","COTTON","COTTON, UPLAND - ACRES PLANTED","TOTAL","NOT SPECIFIED","12,600",""
"SURVEY","2016","YEAR","","COUNTY","OKLAHOMA","40","SOUTHWEST","30","GREER","055","","","00000000","","COTTON","COTTON, UPLAND - ACRES PLANTED","TOTAL","NOT SPECIFIED","13,100",""
"SURVEY","2016","YEAR","","COUNTY","OKLAHOMA","40","SOUTHWEST","30","HARMON","057","","","00000000","","COTTON","COTTON, UPLAND - ACRES PLANTED","TOTAL","NOT SPECIFIED","26,500",""
"SURVEY","2016","YEAR","","COUNTY","OKLAHOMA","40","SOUTHWEST","30","JACKSON","065","","","00000000","","COTTON","COTTON, UPLAND - ACRES PLANTED","TOTAL","NOT SPECIFIED","98,500",""
"SURVEY","2016","YEAR","","COUNTY","OKLAHOMA","40","SOUTHWEST","30","KIOWA","075","","","00000000","","COTTON","COTTON, UPLAND - ACRES PLANTED","TOTAL","NOT SPECIFIED","11,900",""
"SURVEY","2016","YEAR","","COUNTY","OKLAHOMA","40","SOUTHWEST","30","OTHER (COMBINED) COUNTIES","","","","00000000","","COTTON","COTTON, UPLAND - ACRES PLANTED","TOTAL","NOT SPECIFIED","15,400",""
"SURVEY","2016","YEAR","","COUNTY","OKLAHOMA","40","SOUTHWEST","30","TILLMAN","141","","","00000000","","COTTON","COTTON, UPLAND - ACRES PLANTED","TOTAL","NOT SPECIFIED","73,500",""
"SURVEY","2016","YEAR","","COUNTY","OKLAHOMA","40","WEST CENTRAL","20","BECKHAM","009","","","00000000","","COTTON","COTTON, UPLAND - ACRES PLANTED","TOTAL","NOT SPECIFIED","11,700",""
"SURVEY","2016","YEAR","","COUNTY","OKLAHOMA","40","WEST CENTRAL","20","CUSTER","039","","","00000000","","COTTON","COTTON, UPLAND - ACRES PLANTED","TOTAL","NOT SPECIFIED","5,800",""
"SURVEY","2016","YEAR","","COUNTY","OKLAHOMA","40","WEST CENTRAL","20","OTHER (COMBINED) COUNTIES","","","","00000000","","COTTON","COTTON, UPLAND - ACRES PLANTED","TOTAL","NOT SPECIFIED","4,000",""
"SURVEY","2016","YEAR","","COUNTY","OKLAHOMA","40","WEST CENTRAL","20","WASHITA","149","","","00000000","","COTTON","COTTON, UPLAND - ACRES PLANTED","TOTAL","NOT SPECIFIED","20,500",""
"SURVEY","2016","YEAR","","COUNTY","SOUTH CAROLINA","45","CENTRAL","50","CALHOUN","017","","","00000000","","COTTON","COTTON, UPLAND - ACRES PLANTED","TOTAL","NOT SPECIFIED","19,700",""
"SURVEY","2016","YEAR","","COUNTY","SOUTH CAROLINA","45","CENTRAL","50","CLARENDON","027","","","00000000","","COTTON","COTTON, UPLAND - ACRES PLANTED","TOTAL","NOT SPECIFIED","8,800",""
"SURVEY","2016","YEAR","","COUNTY","SOUTH CAROLINA","45","CENTRAL","50","LEE","061","","","00000000","","COTTON","COTTON, UPLAND - ACRES PLANTED","TOTAL","NOT SPECIFIED","11,500",""
"SURVEY","2016","YEAR","","COUNTY","SOUTH CAROLINA","45","CENTRAL","50","ORANGEBURG","075","","","00000000","","COTTON","COTTON, UPLAND - ACRES PLANTED","TOTAL","NOT SPECIFIED","24,000",""
"SURVEY","2016","YEAR","","COUNTY","SOUTH CAROLINA","45","CENTRAL","50","OTHER (COMBINED) COUNTIES","","","","00000000","","COTTON","COTTON, UPLAND - ACRES PLANTED","TOTAL","NOT SPECIFIED","3,400",""
"SURVEY","2016","YEAR","","COUNTY","SOUTH CAROLINA","45","CENTRAL","50","SUMTER","085","","","00000000","","COTTON","COTTON, UPLAND - ACRES PLANTED","TOTAL","NOT SPECIFIED","3,800",""
"SURVEY","2016","YEAR","","COUNTY","SOUTH CAROLINA","45","EASTERN","30","DARLINGTON","031","","","00000000","","COTTON","COTTON, UPLAND - ACRES PLANTED","TOTAL","NOT SPECIFIED","22,500",""
"SURVEY","2016","YEAR","","COUNTY","SOUTH CAROLINA","45","EASTERN","30","DILLON","033","","","00000000","","COTTON","COTTON, UPLAND - ACRES PLANTED","TOTAL","NOT SPECIFIED","7,000",""
"SURVEY","2016","YEAR","","COUNTY","SOUTH CAROLINA","45","EASTERN","30","FLORENCE","041","","","00000000","","COTTON","COTTON, UPLAND - ACRES PLANTED","TOTAL","NOT SPECIFIED","10,300",""
"SURVEY","2016","YEAR","","COUNTY","SOUTH CAROLINA","45","EASTERN","30","HORRY","051","","","00000000","","COTTON","COTTON, UPLAND - ACRES PLANTED","TOTAL","NOT SPECIFIED","3,700",""
"SURVEY","2016","YEAR","","COUNTY","SOUTH CAROLINA","45","EASTERN","30","MARLBORO","069","","","00000000","","COTTON","COTTON, UPLAND - ACRES PLANTED","TOTAL","NOT SPECIFIED","11,500",""
"SURVEY","2016","YEAR","","COUNTY","SOUTH CAROLINA","45","EASTERN","30","OTHER (COMBINED) COUNTIES","","","","00000000","","COTTON","COTTON, UPLAND - ACRES PLANTED","TOTAL","NOT SPECIFIED","4,600",""
"SURVEY","2016","YEAR","","COUNTY","SOUTH CAROLINA","45","EASTERN","30","WILLIAMSBURG","089","","","00000000","","COTTON","COTTON, UPLAND - ACRES PLANTED","TOTAL","NOT SPECIFIED","11,900",""
"SURVEY","2016","YEAR","","COUNTY","SOUTH CAROLINA","45","NORTH CENTRAL","20","OTHER (COMBINED) COUNTIES","","","","00000000","","COTTON","COTTON, UPLAND - ACRES PLANTED","TOTAL","NOT SPECIFIED","3,600",""
"SURVEY","2016","YEAR","","COUNTY","SOUTH CAROLINA","45","NORTH CENTRAL","20","YORK","091","","","00000000","","COTTON","COTTON, UPLAND - ACRES PLANTED","TOTAL","NOT SPECIFIED","3,400",""
"SURVEY","2016","YEAR","","COUNTY","SOUTH CAROLINA","45","SOUTHERN","80","BAMBERG","009","","","00000000","","COTTON","COTTON, UPLAND - ACRES PLANTED","TOTAL","NOT SPECIFIED","5,500",""
"SURVEY","2016","YEAR","","COUNTY","SOUTH CAROLINA","45","SOUTHERN","80","BARNWELL","011","","","00000000","","COTTON","COTTON, UPLAND - ACRES PLANTED","TOTAL","NOT SPECIFIED","7,100",""
"SURVEY","2016","YEAR","","COUNTY","SOUTH CAROLINA","45","SOUTHERN","80","DORCHESTER","035","","","00000000","","COTTON","COTTON, UPLAND - ACRES PLANTED","TOTAL","NOT SPECIFIED","4,400",""
"SURVEY","2016","YEAR","","COUNTY","SOUTH CAROLINA","45","SOUTHERN","80","HAMPTON","049","","","00000000","","COTTON","COTTON, UPLAND - ACRES PLANTED","TOTAL","NOT SPECIFIED","12,900",""
"SURVEY","2016","YEAR","","COUNTY","SOUTH CAROLINA","45","SOUTHERN","80","OTHER (COMBINED) COUNTIES","","","","00000000","","COTTON","COTTON, UPLAND - ACRES PLANTED","TOTAL","NOT SPECIFIED","6,100",""
"SURVEY","2016","YEAR","","COUNTY","SOUTH CAROLINA","45","WEST CENTRAL","40","OTHER (COMBINED) COUNTIES","","","","00000000","","COTTON","COTTON, UPLAND - ACRES PLANTED","TOTAL","NOT SPECIFIED","4,300",""
"SURVEY","2016","YEAR","","COUNTY","TENNESSEE","47","WEST TENNESSEE","20","CARROLL","017","","","00000000","","COTTON","COTTON, UPLAND - ACRES PLANTED","TOTAL","NOT SPECIFIED","23,100",""
"SURVEY","2016","YEAR","","COUNTY","TENNESSEE","47","WEST TENNESSEE","20","CROCKETT","033","","","00000000","","COTTON","COTTON, UPLAND - ACRES PLANTED","TOTAL","NOT SPECIFIED","29,600",""
"SURVEY","2016","YEAR","","COUNTY","TENNESSEE","47","WEST TENNESSEE","20","FAYETTE","047","","","00000000","","COTTON","COTTON, UPLAND - ACRES PLANTED","TOTAL","NOT SPECIFIED","21,500",""
"SURVEY","2016","YEAR","","COUNTY","TENNESSEE","47","WEST TENNESSEE","20","GIBSON","053","","","00000000","","COTTON","COTTON, UPLAND - ACRES PLANTED","TOTAL","NOT SPECIFIED","17,100",""
"SURVEY","2016","YEAR","","COUNTY","TENNESSEE","47","WEST TENNESSEE","20","HARDEMAN","069","","","00000000","","COTTON","COTTON, UPLAND - ACRES PLANTED","TOTAL","NOT SPECIFIED","12,000",""
"SURVEY","2016","YEAR","","COUNTY","TENNESSEE","47","WEST TENNESSEE","20","HAYWOOD","075","","","00000000","","COTTON","COTTON, UPLAND - ACRES PLANTED","TOTAL","NOT SPECIFIED","45,000",""
"SURVEY","2016","YEAR","","COUNTY","TENNESSEE","47","WEST TENNESSEE","20","HENDERSON","077","","","00000000","","COTTON","COTTON, UPLAND - ACRES PLANTED","TOTAL","NOT SPECIFIED","2,100",""
"SURVEY","2016","YEAR","","COUNTY","TENNESSEE","47","WEST TENNESSEE","20","MADISON","113","","","00000000","","COTTON","COTTON, UPLAND - ACRES PLANTED","TOTAL","NOT SPECIFIED","12,700",""
"SURVEY","2016","YEAR","","COUNTY","TENNESSEE","47","WEST TENNESSEE","20","MCNAIRY","109","","","00000000","","COTTON","COTTON, UPLAND - ACRES PLANTED","TOTAL","NOT SPECIFIED","6,600",""
"SURVEY","2016","YEAR","","COUNTY","TENNESSEE","47","WEST TENNESSEE","20","OTHER (COMBINED) COUNTIES","","","","00000000","","COTTON","COTTON, UPLAND - ACRES PLANTED","TOTAL","NOT SPECIFIED","3,800",""
"SURVEY","2016","YEAR","","COUNTY","TEXAS","48","BLACKLANDS","40","BELL","027","","","00000000","","COTTON","COTTON, UPLAND - ACRES PLANTED","TOTAL","NOT SPECIFIED","3,400",""
"SURVEY","2016","YEAR","","COUNTY","TEXAS","48","BLACKLANDS","40","ELLIS","139","","","00000000","","COTTON","COTTON, UPLAND - ACRES PLANTED","TOTAL","NOT SPECIFIED","21,100",""
"SURVEY","2016","YEAR","","COUNTY","TEXAS","48","BLACKLANDS","40","FALLS","145","","","00000000","","COTTON","COTTON, UPLAND - ACRES PLANTED","TOTAL","NOT SPECIFIED","4,600",""
"SURVEY","2016","YEAR","","COUNTY","TEXAS","48","BLACKLANDS","40","FANNIN","147","","","00000000","","COTTON","COTTON, UPLAND - ACRES PLANTED","TOTAL","NOT SPECIFIED","2,900",""
"SURVEY","2016","YEAR","","COUNTY","TEXAS","48","BLACKLANDS","40","HILL","217","","","00000000","","COTTON","COTTON, UPLAND - ACRES PLANTED","TOTAL","NOT SPECIFIED","14,800",""
"SURVEY","2016","YEAR","","COUNTY","TEXAS","48","BLACKLANDS","40","MCLENNAN","309","","","00000000","","COTTON","COTTON, UPLAND - ACRES PLANTED","TOTAL","NOT SPECIFIED","6,200",""
"SURVEY","2016","YEAR","","COUNTY","TEXAS","48","BLACKLANDS","40","MILAM","331","","","00000000","","COTTON","COTTON, UPLAND - ACRES PLANTED","TOTAL","NOT SPECIFIED","10,600",""
"SURVEY","2016","YEAR","","COUNTY","TEXAS","48","BLACKLANDS","40","NAVARRO","349","","","00000000","","COTTON","COTTON, UPLAND - ACRES PLANTED","TOTAL","NOT SPECIFIED","13,000",""
"SURVEY","2016","YEAR","","COUNTY","TEXAS","48","BLACKLANDS","40","OTHER (COMBINED) COUNTIES","","","","00000000","","COTTON","COTTON, UPLAND - ACRES PLANTED","TOTAL","NOT SPECIFIED","26,300",""
"SURVEY","2016","YEAR","","COUNTY","TEXAS","48","BLACKLANDS","40","WILLIAMSON","491","","","00000000","","COTTON","COTTON, UPLAND - ACRES PLANTED","TOTAL","NOT SPECIFIED","12,500",""
"SURVEY","2016","YEAR","","COUNTY","TEXAS","48","COASTAL BEND","82","NUECES","355","","","00000000","","COTTON","COTTON, UPLAND - ACRES PLANTED","TOTAL","NOT SPECIFIED","99,500",""
"SURVEY","2016","YEAR","","COUNTY","TEXAS","48","COASTAL BEND","82","OTHER (COMBINED) COUNTIES","","","","00000000","","COTTON","COTTON, UPLAND - ACRES PLANTED","TOTAL","NOT SPECIFIED","36,400",""
"SURVEY","2016","YEAR","","COUNTY","TEXAS","48","COASTAL BEND","82","REFUGIO","391","","","00000000","","COTTON","COTTON, UPLAND - ACRES PLANTED","TOTAL","NOT SPECIFIED","34,100",""
"SURVEY","2016","YEAR","","COUNTY","TEXAS","48","COASTAL BEND","82","SAN PATRICIO","409","","","00000000","","COTTON","COTTON, UPLAND - ACRES PLANTED","TOTAL","NOT SPECIFIED","97,500",""
"SURVEY","2016","YEAR","","COUNTY","TEXAS","48","EAST TEXAS SOUTH","52","BRAZOS","041","","","00000000","","COTTON","COTTON, UPLAND - ACRES PLANTED","TOTAL","NOT SPECIFIED","14,200",""
"SURVEY","2016","YEAR","","COUNTY","TEXAS","48","EAST TEXAS SOUTH","52","OTHER (COMBINED) COUNTIES","","","","00000000","","COTTON","COTTON, UPLAND - ACRES PLANTED","TOTAL","NOT SPECIFIED","16,300",""
"SURVEY","2016","YEAR","","COUNTY","TEXAS","48","EDWARDS PLATEAU","70","CONCHO","095","","","00000000","","COTTON","COTTON, UPLAND - ACRES PLANTED","TOTAL","NOT SPECIFIED","23,900",""
"SURVEY","2016","YEAR","","COUNTY","TEXAS","48","EDWARDS PLATEAU","70","MCCULLOCH","307","","","00000000","","COTTON","COTTON, UPLAND - ACRES PLANTED","TOTAL","NOT SPECIFIED","5,800",""
"SURVEY","2016","YEAR","","COUNTY","TEXAS","48","EDWARDS PLATEAU","70","OTHER (COMBINED) COUNTIES","","","","00000000","","COTTON","COTTON, UPLAND - ACRES PLANTED","TOTAL","NOT SPECIFIED","3,200",""
"SURVEY","2016","YEAR","","COUNTY","TEXAS","48","EDWARDS PLATEAU","70","REAGAN","383","","","00000000","","COTTON","COTTON, UPLAND - ACRES PLANTED","TOTAL","NOT SPECIFIED","39,600",""
"SURVEY","2016","YEAR","","COUNTY","TEXAS","48","EDWARDS PLATEAU","70","SCHLEICHER","413","","","00000000","","COTTON","COTTON, UPLAND - ACRES PLANTED","TOTAL","NOT SPECIFIED","12,100",""
"SURVEY","2016","YEAR","","COUNTY","TEXAS","48","EDWARDS PLATEAU","70","TOM GREEN","451","","","00000000","","COTTON","COTTON, UPLAND - ACRES PLANTED","TOTAL","NOT SPECIFIED","88,200",""
"SURVEY","2016","YEAR","","COUNTY","TEXAS","48","EDWARDS PLATEAU","70","UPTON","461","","","00000000","","COTTON","COTTON, UPLAND - ACRES PLANTED","TOTAL","NOT SPECIFIED","17,100",""
"SURVEY","2016","YEAR","","COUNTY","TEXAS","48","EDWARDS PLATEAU","70","UVALDE","463","","","00000000","","COTTON","COTTON, UPLAND - ACRES PLANTED","TOTAL","NOT SPECIFIED","10,000",""
"SURVEY","2016","YEAR","","COUNTY","TEXAS","48","LOWER VALLEY","97","CAMERON","061","","","00000000","","COTTON","COTTON, UPLAND - ACRES PLANTED","TOTAL","NOT SPECIFIED","50,600",""
"SURVEY","2016","YEAR","","COUNTY","TEXAS","48","LOWER VALLEY","97","HIDALGO","215","","","00000000","","COTTON","COTTON, UPLAND - ACRES PLANTED","TOTAL","NOT SPECIFIED","29,400",""
"SURVEY","2016","YEAR","","COUNTY","TEXAS","48","LOWER VALLEY","97","OTHER (COMBINED) COUNTIES","","","","00000000","","COTTON","COTTON, UPLAND - ACRES PLANTED","TOTAL","NOT SPECIFIED","47,300",""
"SURVEY","2016","YEAR","","COUNTY","TEXAS","48","NORTHERN HIGH PLAINS","11","ARMSTRONG","011","","","00000000","","COTTON","COTTON, UPLAND - ACRES PLANTED","TOTAL","NOT SPECIFIED","6,600",""
"SURVEY","2016","YEAR","","COUNTY","TEXAS","48","NORTHERN HIGH PLAINS","11","BRISCOE","045","","","00000000","","COTTON","COTTON, UPLAND - ACRES PLANTED","TOTAL","NOT SPECIFIED","31,600",""
"SURVEY","2016","YEAR","","COUNTY","TEXAS","48","NORTHERN HIGH PLAINS","11","CARSON","065","","","00000000","","COTTON","COTTON, UPLAND - ACRES PLANTED","TOTAL","NOT SPECIFIED","64,000",""
"SURVEY","2016","YEAR","","COUNTY","TEXAS","48","NORTHERN HIGH PLAINS","11","CASTRO","069","","","00000000","","COTTON","COTTON, UPLAND - ACRES PLANTED","TOTAL","NOT SPECIFIED","39,000",""
"SURVEY","2016","YEAR","","COUNTY","TEXAS","48","NORTHERN HIGH PLAINS","11","DEAF SMITH","117","","","00000000","","COTTON","COTTON, UPLAND - ACRES PLANTED","TOTAL","NOT SPECIFIED","17,600",""
"SURVEY","2016","YEAR","","COUNTY","TEXAS","48","NORTHERN HIGH PLAINS","11","FLOYD","153","","","00000000","","COTTON","COTTON, UPLAND - ACRES PLANTED","TOTAL","NOT SPECIFIED","185,900",""
"SURVEY","2016","YEAR","","COUNTY","TEXAS","48","NORTHERN HIGH PLAINS","11","GRAY","179","","","00000000","","COTTON","COTTON, UPLAND - ACRES PLANTED","TOTAL","NOT SPECIFIED","26,500",""
"SURVEY","2016","YEAR","","COUNTY","TEXAS","48","NORTHERN HIGH PLAINS","11","HALE","189","","","00000000","","COTTON","COTTON, UPLAND - ACRES PLANTED","TOTAL","NOT SPECIFIED","216,100",""
"SURVEY","2016","YEAR","","COUNTY","TEXAS","48","NORTHERN HIGH PLAINS","11","HUTCHINSON","233","","","00000000","","COTTON","COTTON, UPLAND - ACRES PLANTED","TOTAL","NOT SPECIFIED","14,000",""
"SURVEY","2016","YEAR","","COUNTY","TEXAS","48","NORTHERN HIGH PLAINS","11","MOORE","341","","","00000000","","COTTON","COTTON, UPLAND - ACRES PLANTED","TOTAL","NOT SPECIFIED","24,600",""
"SURVEY","2016","YEAR","","COUNTY","TEXAS","48","NORTHERN HIGH PLAINS","11","OCHILTREE","357","","","00000000","","COTTON","COTTON, UPLAND - ACRES PLANTED","TOTAL","NOT SPECIFIED","22,900",""
"SURVEY","2016","YEAR","","COUNTY","TEXAS","48","NORTHERN HIGH PLAINS","11","OTHER (COMBINED) COUNTIES","","","","00000000","","COTTON","COTTON, UPLAND - ACRES PLANTED","TOTAL","NOT SPECIFIED","51,300",""
"SURVEY","2016","YEAR","","COUNTY","TEXAS","48","NORTHERN HIGH PLAINS","11","PARMER","369","","","00000000","","COTTON","COTTON, UPLAND - ACRES PLANTED","TOTAL","NOT SPECIFIED","32,100",""
"SURVEY","2016","YEAR","","COUNTY","TEXAS","48","NORTHERN HIGH PLAINS","11","RANDALL","381","","","00000000","","COTTON","COTTON, UPLAND - ACRES PLANTED","TOTAL","NOT SPECIFIED","6,600",""
"SURVEY","2016","YEAR","","COUNTY","TEXAS","48","NORTHERN HIGH PLAINS","11","SHERMAN","421","","","00000000","","COTTON","COTTON, UPLAND - ACRES PLANTED","TOTAL","NOT SPECIFIED","20,000",""
"SURVEY","2016","YEAR","","COUNTY","TEXAS","48","NORTHERN HIGH PLAINS","11","SWISHER","437","","","00000000","","COTTON","COTTON, UPLAND - ACRES PLANTED","TOTAL","NOT SPECIFIED","88,700",""
"SURVEY","2016","YEAR","","COUNTY","TEXAS","48","NORTHERN LOW PLAINS","21","BORDEN","033","","","00000000","","COTTON","COTTON, UPLAND - ACRES PLANTED","TOTAL","NOT SPECIFIED","39,300",""
"SURVEY","2016","YEAR","","COUNTY","TEXAS","48","NORTHERN LOW PLAINS","21","CHILDRESS","075","","","00000000","","COTTON","COTTON, UPLAND - ACRES PLANTED","TOTAL","NOT SPECIFIED","44,000",""
"SURVEY","2016","YEAR","","COUNTY","TEXAS","48","NORTHERN LOW PLAINS","21","COLLINGSWORTH","087","","","00000000","","COTTON","COTTON, UPLAND - ACRES PLANTED","TOTAL","NOT SPECIFIED","64,700",""
"SURVEY","2016","YEAR","","COUNTY","TEXAS","48","NORTHERN LOW PLAINS","21","COTTLE","101","","","00000000","","COTTON","COTTON, UPLAND - ACRES PLANTED","TOTAL","NOT SPECIFIED","32,100",""
"SURVEY","2016","YEAR","","COUNTY","TEXAS","48","NORTHERN LOW PLAINS","21","DICKENS","125","","","00000000","","COTTON","COTTON, UPLAND - ACRES PLANTED","TOTAL","NOT SPECIFIED","29,200",""
"SURVEY","2016","YEAR","","COUNTY","TEXAS","48","NORTHERN LOW PLAINS","21","DONLEY","129","","","00000000","","COTTON","COTTON, UPLAND - ACRES PLANTED","TOTAL","NOT SPECIFIED","14,900",""
"SURVEY","2016","YEAR","","COUNTY","TEXAS","48","NORTHERN LOW PLAINS","21","GARZA","169","","","00000000","","COTTON","COTTON, UPLAND - ACRES PLANTED","TOTAL","NOT SPECIFIED","43,000",""
"SURVEY","2016","YEAR","","COUNTY","TEXAS","48","NORTHERN LOW PLAINS","21","HALL","191","","","00000000","","COTTON","COTTON, UPLAND - ACRES PLANTED","TOTAL","NOT SPECIFIED","73,800",""
"SURVEY","2016","YEAR","","COUNTY","TEXAS","48","NORTHERN LOW PLAINS","21","MOTLEY","345","","","00000000","","COTTON","COTTON, UPLAND - ACRES PLANTED","TOTAL","NOT SPECIFIED","20,900",""
"SURVEY","2016","YEAR","","COUNTY","TEXAS","48","NORTHERN LOW PLAINS","21","OTHER (COMBINED) COUNTIES","","","","00000000","","COTTON","COTTON, UPLAND - ACRES PLANTED","TOTAL","NOT SPECIFIED","32,300",""
"SURVEY","2016","YEAR","","COUNTY","TEXAS","48","NORTHERN LOW PLAINS","21","WHEELER","483","","","00000000","","COTTON","COTTON, UPLAND - ACRES PLANTED","TOTAL","NOT SPECIFIED","9,400",""
"SURVEY","2016","YEAR","","COUNTY","TEXAS","48","NORTHERN LOW PLAINS","21","WILBARGER","487","","","00000000","","COTTON","COTTON, UPLAND - ACRES PLANTED","TOTAL","NOT SPECIFIED","22,900",""
"SURVEY","2016","YEAR","","COUNTY","TEXAS","48","SOUTH CENTRAL","81","BEE","025","","","00000000","","COTTON","COTTON, UPLAND - ACRES PLANTED","TOTAL","NOT SPECIFIED","6,800",""
"SURVEY","2016","YEAR","","COUNTY","TEXAS","48","SOUTH CENTRAL","81","BURLESON","051","","","00000000","","COTTON","COTTON, UPLAND - ACRES PLANTED","TOTAL","NOT SPECIFIED","13,300",""
"SURVEY","2016","YEAR","","COUNTY","TEXAS","48","SOUTH CENTRAL","81","CALDWELL","055","","","00000000","","COTTON","COTTON, UPLAND - ACRES PLANTED","TOTAL","NOT SPECIFIED","3,800",""
"SURVEY","2016","YEAR","","COUNTY","TEXAS","48","SOUTH CENTRAL","81","COLORADO","089","","","00000000","","COTTON","COTTON, UPLAND - ACRES PLANTED","TOTAL","NOT SPECIFIED","2,400",""
"SURVEY","2016","YEAR","","COUNTY","TEXAS","48","SOUTH CENTRAL","81","MEDINA","325","","","00000000","","COTTON","COTTON, UPLAND - ACRES PLANTED","TOTAL","NOT SPECIFIED","11,200",""
"SURVEY","2016","YEAR","","COUNTY","TEXAS","48","SOUTH CENTRAL","81","OTHER (COMBINED) COUNTIES","","","","00000000","","COTTON","COTTON, UPLAND - ACRES PLANTED","TOTAL","NOT SPECIFIED","11,300",""
"SURVEY","2016","YEAR","","COUNTY","TEXAS","48","SOUTH TEXAS","96","ATASCOSA","013","","","00000000","","COTTON","COTTON, UPLAND - ACRES PLANTED","TOTAL","NOT SPECIFIED","3,000",""
"SURVEY","2016","YEAR","","COUNTY","TEXAS","48","SOUTH TEXAS","96","FRIO","163","","","00000000","","COTTON","COTTON, UPLAND - ACRES PLANTED","TOTAL","NOT SPECIFIED","6,700",""
"SURVEY","2016","YEAR","","COUNTY","TEXAS","48","SOUTH TEXAS","96","OTHER (COMBINED) COUNTIES","","","","00000000","","COTTON","COTTON, UPLAND - ACRES PLANTED","TOTAL","NOT SPECIFIED","16,400",""
"SURVEY","2016","YEAR","","COUNTY","TEXAS","48","SOUTHERN HIGH PLAINS","12","BAILEY","017","","","00000000","","COTTON","COTTON, UPLAND - ACRES PLANTED","TOTAL","NOT SPECIFIED","71,000",""
"SURVEY","2016","YEAR","","COUNTY","TEXAS","48","SOUTHERN HIGH PLAINS","12","COCHRAN","079","","","00000000","","COTTON","COTTON, UPLAND - ACRES PLANTED","TOTAL","NOT SPECIFIED","131,700",""
"SURVEY","2016","YEAR","","COUNTY","TEXAS","48","SOUTHERN HIGH PLAINS","12","CROSBY","107","","","00000000","","COTTON","COTTON, UPLAND - ACRES PLANTED","TOTAL","NOT SPECIFIED","203,500",""
"SURVEY","2016","YEAR","","COUNTY","TEXAS","48","SOUTHERN HIGH PLAINS","12","DAWSON","115","","","00000000","","COTTON","COTTON, UPLAND - ACRES PLANTED","TOTAL","NOT SPECIFIED","310,000",""
"SURVEY","2016","YEAR","","COUNTY","TEXAS","48","SOUTHERN HIGH PLAINS","12","GAINES","165","","","00000000","","COTTON","COTTON, UPLAND - ACRES PLANTED","TOTAL","NOT SPECIFIED","285,000",""
"SURVEY","2016","YEAR","","COUNTY","TEXAS","48","SOUTHERN HIGH PLAINS","12","GLASSCOCK","173","","","00000000","","COTTON","COTTON, UPLAND - ACRES PLANTED","TOTAL","NOT SPECIFIED","103,800",""
"SURVEY","2016","YEAR","","COUNTY","TEXAS","48","SOUTHERN HIGH PLAINS","12","HOCKLEY","219","","","00000000","","COTTON","COTTON, UPLAND - ACRES PLANTED","TOTAL","NOT SPECIFIED","268,000",""
"SURVEY","2016","YEAR","","COUNTY","TEXAS","48","SOUTHERN HIGH PLAINS","12","HOWARD","227","","","00000000","","COTTON","COTTON, UPLAND - ACRES PLANTED","TOTAL","NOT SPECIFIED","135,700",""
"SURVEY","2016","YEAR","","COUNTY","TEXAS","48","SOUTHERN HIGH PLAINS","12","LAMB","279","","","00000000","","COTTON","COTTON, UPLAND - ACRES PLANTED","TOTAL","NOT SPECIFIED","158,700",""
"SURVEY","2016","YEAR","","COUNTY","TEXAS","48","SOUTHERN HIGH PLAINS","12","LUBBOCK","303","","","00000000","","COTTON","COTTON, UPLAND - ACRES PLANTED","TOTAL","NOT SPECIFIED","262,000",""
"SURVEY","2016","YEAR","","COUNTY","TEXAS","48","SOUTHERN HIGH PLAINS","12","LYNN","305","","","00000000","","COTTON","COTTON, UPLAND - ACRES PLANTED","TOTAL","NOT SPECIFIED","321,100",""
"SURVEY","2016","YEAR","","COUNTY","TEXAS","48","SOUTHERN HIGH PLAINS","12","MARTIN","317","","","00000000","","COTTON","COTTON, UPLAND - ACRES PLANTED","TOTAL","NOT SPECIFIED","175,400",""
"SURVEY","2016","YEAR","","COUNTY","TEXAS","48","SOUTHERN HIGH PLAINS","12","OTHER (COMBINED) COUNTIES","","","","00000000","","COTTON","COTTON, UPLAND - ACRES PLANTED","TOTAL","NOT SPECIFIED","37,300",""
"SURVEY","2016","YEAR","","COUNTY","TEXAS","48","SOUTHERN HIGH PLAINS","12","TERRY","445","","","00000000","","COTTON","COTTON, UPLAND - ACRES PLANTED","TOTAL","NOT SPECIFIED","242,000",""
"SURVEY","2016","YEAR","","COUNTY","TEXAS","48","SOUTHERN HIGH PLAINS","12","YOAKUM","501","","","00000000","","COTTON","COTTON, UPLAND - ACRES PLANTED","TOTAL","NOT SPECIFIED","119,800",""
"SURVEY","2016","YEAR","","COUNTY","TEXAS","48","SOUTHERN LOW PLAINS","22","BAYLOR","023","","","00000000","","COTTON","COTTON, UPLAND - ACRES PLANTED","TOTAL","NOT SPECIFIED","5,400",""
"SURVEY","2016","YEAR","","COUNTY","TEXAS","48","SOUTHERN LOW PLAINS","22","COLEMAN","083","","","00000000","","COTTON","COTTON, UPLAND - ACRES PLANTED","TOTAL","NOT SPECIFIED","4,900",""
"SURVEY","2016","YEAR","","COUNTY","TEXAS","48","SOUTHERN LOW PLAINS","22","FISHER","151","","","00000000","","COTTON","COTTON, UPLAND - ACRES PLANTED","TOTAL","NOT SPECIFIED","92,000",""
"SURVEY","2016","YEAR","","COUNTY","TEXAS","48","SOUTHERN LOW PLAINS","22","HASKELL","207","","","00000000","","COTTON","COTTON, UPLAND - ACRES PLANTED","TOTAL","NOT SPECIFIED","76,500",""
"SURVEY","2016","YEAR","","COUNTY","TEXAS","48","SOUTHERN LOW PLAINS","22","JONES","253","","","00000000","","COTTON","COTTON, UPLAND - ACRES PLANTED","TOTAL","NOT SPECIFIED","67,500",""
"SURVEY","2016","YEAR","","COUNTY","TEXAS","48","SOUTHERN LOW PLAINS","22","KNOX","275","","","00000000","","COTTON","COTTON, UPLAND - ACRES PLANTED","TOTAL","NOT SPECIFIED","16,600",""
"SURVEY","2016","YEAR","","COUNTY","TEXAS","48","SOUTHERN LOW PLAINS","22","MITCHELL","335","","","00000000","","COTTON","COTTON, UPLAND - ACRES PLANTED","TOTAL","NOT SPECIFIED","54,500",""
"SURVEY","2016","YEAR","","COUNTY","TEXAS","48","SOUTHERN LOW PLAINS","22","NOLAN","353","","","00000000","","COTTON","COTTON, UPLAND - ACRES PLANTED","TOTAL","NOT SPECIFIED","61,800",""
"SURVEY","2016","YEAR","","COUNTY","TEXAS","48","SOUTHERN LOW PLAINS","22","RUNNELS","399","","","00000000","","COTTON","COTTON, UPLAND - ACRES PLANTED","TOTAL","NOT SPECIFIED","57,300",""
"SURVEY","2016","YEAR","","COUNTY","TEXAS","48","SOUTHERN LOW PLAINS","22","SCURRY","415","","","00000000","","COTTON","COTTON, UPLAND - ACRES PLANTED","TOTAL","NOT SPECIFIED","79,800",""
"SURVEY","2016","YEAR","","COUNTY","TEXAS","48","SOUTHERN LOW PLAINS","22","STONEWALL","433","","","00000000","","COTTON","COTTON, UPLAND - ACRES PLANTED","TOTAL","NOT SPECIFIED","8,800",""
"SURVEY","2016","YEAR","","COUNTY","TEXAS","48","SOUTHERN LOW PLAINS","22","TAYLOR","441","","","00000000","","COTTON","COTTON, UPLAND - ACRES PLANTED","TOTAL","NOT SPECIFIED","16,900",""
"SURVEY","2016","YEAR","","COUNTY","TEXAS","48","TRANS-PECOS","60","HUDSPETH","229","","","00000000","","COTTON","COTTON, UPLAND - ACRES PLANTED","TOTAL","NOT SPECIFIED","1,600",""
"SURVEY","2016","YEAR","","COUNTY","TEXAS","48","TRANS-PECOS","60","OTHER (COMBINED) COUNTIES","","","","00000000","","COTTON","COTTON, UPLAND - ACRES PLANTED","TOTAL","NOT SPECIFIED","14,100",""
"SURVEY","2016","YEAR","","COUNTY","TEXAS","48","TRANS-PECOS","60","PECOS","371","","","00000000","","COTTON","COTTON, UPLAND - ACRES PLANTED","TOTAL","NOT SPECIFIED","4,500",""
"SURVEY","2016","YEAR","","COUNTY","TEXAS","48","UPPER COAST","90","CALHOUN","057","","","00000000","","COTTON","COTTON, UPLAND - ACRES PLANTED","TOTAL","NOT SPECIFIED","11,100",""
"SURVEY","2016","YEAR","","COUNTY","TEXAS","48","UPPER COAST","90","FORT BEND","157","","","00000000","","COTTON","COTTON, UPLAND - ACRES PLANTED","TOTAL","NOT SPECIFIED","28,000",""
"SURVEY","2016","YEAR","","COUNTY","TEXAS","48","UPPER COAST","90","JACKSON","239","","","00000000","","COTTON","COTTON, UPLAND - ACRES PLANTED","TOTAL","NOT SPECIFIED","12,600",""
"SURVEY","2016","YEAR","","COUNTY","TEXAS","48","UPPER COAST","90","MATAGORDA","321","","","00000000","","COTTON","COTTON, UPLAND - ACRES PLANTED","TOTAL","NOT SPECIFIED","32,400",""
"SURVEY","2016","YEAR","","COUNTY","TEXAS","48","UPPER COAST","90","OTHER (COMBINED) COUNTIES","","","","00000000","","COTTON","COTTON, UPLAND - ACRES PLANTED","TOTAL","NOT SPECIFIED","12,800",""
"SURVEY","2016","YEAR","","COUNTY","TEXAS","48","UPPER COAST","90","WHARTON","481","","","00000000","","COTTON","COTTON, UPLAND - ACRES PLANTED","TOTAL","NOT SPECIFIED","59,900",""
